{
  "version": "1.0",
  "configSettings": {
    "gmAutoAttack": false,
    "gmAutoFastForwardAttack": false,
    "gmAutoDamage": "none",
    "gmAutoFastForwardDamage": false,
    "showItemDetails": "all",
    "itemTypeList": [
      "weapon",
      "equipment",
      "consumable",
      "tool",
      "loot",
      "class",
      "spell",
      "feat",
      "backpack"
    ],
    "autoRollAttack": false,
    "autoFastForward": "off",
    "autoTarget": "wallsBlockIgnoreDefeated",
    "autoCheckHit": "none",
    "autoCheckSaves": "none",
    "hideRollDetails": "none",
    "displaySaveDC": true,
    "checkSaveText": false,
    "autoRollDamage": "none",
    "autoApplyDamage": "none",
    "damageImmunities": "immunityPhysical",
    "autoItemEffects": "off",
    "rangeTarget": "alwaysIgnoreDefeated",
    "playerRollSaves": "none",
    "playerSaveTimeout": 30,
    "rollNPCSaves": "none",
    "rollNPCLinkedSaves": "none",
    "preRollChecks": false,
    "mergeCard": true,
    "mergeCardCondensed": true,
    "hideNPCNames": "",
    "useTokenNames": true,
    "requireTargets": false,
    "fullAuto": false,
    "allowUseMacro": true,
    "rollOtherDamage": "none",
    "removeButtons": "off",
    "gmRemoveButtons": "off",
    "concentrationAutomation": false,
    "singleConcentrationRoll": false,
    "optionalRules": {
      "invisAdvantage": true,
      "checkRange": true,
      "nearbyFoe": 5,
      "nearbyAllyRanged": 0,
      "incapacitated": true,
      "removeHiddenInvis": true,
      "maxDRValue": true,
      "distanceIncludesHeight": true,
      "wallsBlockRange": "center",
      "criticalSaves": false,
      "activeDefence": false,
      "challengeModeArmor": false,
      "challengeModeArmorScale": false,
      "enableddbGL": false,
      "enforceReactions": "none",
      "recordAOO": "none"
    },
    "optionalRulesEnabled": false,
    "defaultSaveMult": 0.5,
    "keepRollStats": true,
    "saveStatsEvery": 20,
    "playerStatsOnly": true,
    "requireMagical": "off",
    "removeConcentration": false,
    "usePlayerPortrait": false,
    "doReactions": "none",
    "gmDoReactions": "none",
    "reactionTimeout": 30,
    "requiresTargets": "none",
    "showReactionAttackRoll": "all",
    "autoCEEffects": "none",
    "rollOtherSpellDamage": "none",
    "promptDamageRoll": true,
    "gmHide3dDice": false,
    "ghostRolls": false,
    "gmFastForwardSpells": false,
    "fastForwardSpells": false,
    "accelKeysOverride": false,
    "enableddbGL": false,
    "showReactionChatMessage": false,
    "gmConsumeResource": "none",
    "consumeResource": "none",
    "gmLateTargeting": false,
    "lateTargeting": false,
    "addWounded": 50,
    "addDead": true,
    "convenientEffectsReaction": "Reaction",
    "fixStickyKeys": true,
    "autoFailSavesFriendly": false,
    "worldKeyMappings": false,
    "toggleOptionalRules": false,
    "displaySaveAdvantage": true,
    "quickSettings": true,
    "autoAttack": false,
    "autoDamage": false,
    "autoFastForwardAttack": false,
    "autoFastForwardDamage": false
  },
  "itemRollButtons": true,
  "criticalDamage": "default",
  "itemDeleteCheck": true,
  "addChatDamageButtons": "both",
  "autoFastForwardAbilityRolls": false,
  "autoRemoveTargets": "none",
  "forceHideRoll": false,
  "enableWorkflow": true,
  "dragDropTargeting": false
}