{
  "version": "1.0",
  "configSettings": {
    "gmAutoAttack": true,
    "gmAutoFastForwardAttack": true,
    "gmAutoDamage": "always",
    "gmAutoFastForwardDamage": true,
    "showItemDetails": "all",
    "itemTypeList": [
      "weapon",
      "equipment",
      "consumable",
      "tool",
      "loot",
      "class",
      "spell",
      "feat",
      "backpack"
    ],
    "autoRollAttack": true,
    "autoFastForward": "all",
    "autoTarget": "wallsBlockIgnoreDefeated",
    "autoCheckHit": "all",
    "autoCheckSaves": "all",
    "hideRollDetails": "none",
    "displaySaveDC": true,
    "checkSaveText": false,
    "autoRollDamage": "onHit",
    "autoApplyDamage": "yesCard",
    "damageImmunities": "immunityPhysical",
    "autoItemEffects": true,
    "rangeTarget": "alwaysIgnoreDefeated",
    "playerRollSaves": "letme",
    "playerSaveTimeout": 30,
    "rollNPCSaves": "auto",
    "preRollChecks": false,
    "mergeCard": true,
    "mergeCardCondensed": true,
    "hideNPCNames": "",
    "useTokenNames": true,
    "requireTargets": false,
    "fullAuto": false,
    "allowUseMacro": true,
    "rollOtherDamage": "activation",
    "removeButtons": "all",
    "gmRemoveButtons": "all",
    "concentrationAutomation": true,
    "singleConcentrationRoll": true,
    "optionalRules": {
      "invisAdvantage": true,
      "checkRange": true,
      "nearbyFoe": 5,
      "nearbyAllyRanged": 0,
      "incapacitated": true,
      "removeHiddenInvis": true,
      "maxDRValue": true,
      "distanceIncludesHeight": true,
      "wallsBlockRange": "center",
      "criticalSaves": false,
      "activeDefence": false,
      "challengeModeArmor": false,
      "challengeModeArmorScale": false,
      "enableddbGL": false,
      "enforceReactions": "all",
      "recordAOO": "all"
    },
    "optionalRulesEnabled": true,
    "defaultSaveMult": 0.5,
    "keepRollStats": true,
    "saveStatsEvery": 20,
    "playerStatsOnly": true,
    "requireMagical": false,
    "removeConcentration": true,
    "usePlayerPortrait": false,
    "doReactions": "all",
    "gmDoReactions": "all",
    "reactionTimeout": 30,
    "requiresTargets": "combat",
    "showReactionAttackRoll": "all",
    "autoCEEffects": "cepri",
    "rollOtherSpellDamage": "none",
    "promptDamageRoll": false,
    "gmHide3dDice": false,
    "ghostRolls": false,
    "gmFastForwardSpells": false,
    "fastForwardSpells": false,
    "accelKeysOverride": false,
    "enableddbGL": false,
    "showReactionChatMessage": false,
    "rollNPCLinkedSaves": "auto",
    "gmConsumeResource": false,
    "consumeResource": false,
    "gmLateTargeting": false,
    "lateTargeting": false,
    "addWounded": 50,
    "addDead": true,
    "convenientEffectsReaction": "Reaction",
    "fixStickyKeys": true,
    "autoFailSavesFriendly": false,
    "worldKeyMappings": false,
    "toggleOptionalRules": false
  },
  "addChatDamageButtons": "none",
  "autoFastForwardAbilityRolls": true,
  "itemRollButtons": true,
  "itemDeleteCheck": true,
  "nsaFlag": true,
  "forceHideRoll": true,
  "enableWorkflow": true,
  "dragDropTargeting": false
}